CREATE TABLE KHACHHANG
(
 MAKH  char(4) PRIMARY KEY,
 HOTEN varchar(40),
 DCHI  varchar(50),
 SODT  varchar(20),
 NGSINH smalldatetime,
 NGDK  smalldatetime,
 DOANHSO money
)
GO
CREATE TABLE NHANVIEN
(
 MANV  char(4)PRIMARY KEY,
 HOTEN varchar(40),
 SODT  varchar(20),
 NGVL  smalldatetime
)
GO
CREATE TABLE SANPHAM
(
 MASP  char(4)PRIMARY KEY,
 TENSP varchar(40),
 DVT  varchar(20),
 NUOCSX varchar(40),
 GIA  money
)
GO
CREATE TABLE HOADON
(
 SOHD  int PRIMARY KEY,
 NGHD  smalldatetime,
 MAKH  char(4) FOREIGN KEY REFERENCES KHACHHANG(MAKH),
 MANV  char(4) FOREIGN KEY REFERENCES NHANVIEN(MANV),
 TRIGIA money
)
GO
CREATE TABLE CTHD
(
 SOHD  int FOREIGN KEY REFERENCES HOADON(SOHD),
 MASP  char(4) FOREIGN KEY REFERENCES SANPHAM(MASP),
 SL  int,
 CONSTRAINT PK_CTHD PRIMARY KEY (SOHD,MASP)
)
GO
--I:DINH NGHIA DU LIEU
--Thêm vào thuộc tính GHICHU có kiểu dữ liệu varchar(20) cho quan hệ SANPHAM.
ALTER TABLE SANPHAM ADD GHICHU VARCHAR(20)
GO
--Thêm vào thuộc tính LOAIKH có kiểu dữ liệu là tinyint cho quan hệ KHACHHANG.
ALTER TABLE KHACHHANG ADD LOAIKH TINYINT 
GO
--Sửa kiểu dữ liệu của thuộc tính GHICHU trong quan hệ SANPHAM thành varchar(100).
ALTER TABLE SANPHAM ALTER COLUMN GHICHU VARCHAR(100)
GO
--Xóa thuộc tính GHICHU trong quan hệ SANPHAM.
ALTER TABLE SANPHAM DROP COLUMN GHICHU
GO
--Làm thế nào để thuộc tính LOAIKH trong quan hệ KHACHHANG có thể lưu các giá trị là: “Vang lai”, “Thuong xuyen”, “Vip”, ...
ALTER TABLE KHACHHANG ALTER COLUMN LOAIKH VARCHAR(50)
GO
--Đơn vị tính của sản phẩm chỉ có thể là (“cay”,”hop”,”cai”,”quyen”,”chuc”)
ALTER TABLE SANPHAM ADD CONSTRAINT CHECK_DVT CHECK(DVT='cay'OR DVT='cai'OR DVT='hop'OR DVT='quyen'OR DVT='chuc')
GO
--Giá bán của sản phẩm từ 500 đồng trở lên.
ALTER TABLE SANPHAM ADD CONSTRAINT CHECK_GIA CHECK(GIA>=500)
GO
--Ngày khách hàng đăng ký là khách hàng thành viên phải lớn hơn ngày sinh của người đó.
ALTER TABLE KHACHHANG ADD CONSTRAINT CHECK_NGDK CHECK (NGDK>NGSINH)
GO
--Nhập Liệu
INSERT [dbo].[CTHD] ([SOHD], [MASP], [SL]) VALUES (1001, N'BC01', 5)
INSERT [dbo].[CTHD] ([SOHD], [MASP], [SL]) VALUES (1001, N'BC02', 10)
INSERT [dbo].[CTHD] ([SOHD], [MASP], [SL]) VALUES (1001, N'ST01', 5)
INSERT [dbo].[CTHD] ([SOHD], [MASP], [SL]) VALUES (1001, N'ST08', 10)
INSERT [dbo].[CTHD] ([SOHD], [MASP], [SL]) VALUES (1001, N'TV02', 10)
INSERT [dbo].[CTHD] ([SOHD], [MASP], [SL]) VALUES (1002, N'BB01', 20)
INSERT [dbo].[CTHD] ([SOHD], [MASP], [SL]) VALUES (1002, N'BB02', 20)
INSERT [dbo].[CTHD] ([SOHD], [MASP], [SL]) VALUES (1002, N'BC04', 20)
INSERT [dbo].[CTHD] ([SOHD], [MASP], [SL]) VALUES (1003, N'BB03', 10)
INSERT [dbo].[CTHD] ([SOHD], [MASP], [SL]) VALUES (1004, N'TV01', 20)
INSERT [dbo].[CTHD] ([SOHD], [MASP], [SL]) VALUES (1004, N'TV02', 20)
INSERT [dbo].[CTHD] ([SOHD], [MASP], [SL]) VALUES (1004, N'TV03', 20)
INSERT [dbo].[CTHD] ([SOHD], [MASP], [SL]) VALUES (1004, N'TV04', 20)
INSERT [dbo].[CTHD] ([SOHD], [MASP], [SL]) VALUES (1005, N'TV05', 50)
INSERT [dbo].[CTHD] ([SOHD], [MASP], [SL]) VALUES (1005, N'TV06', 50)
INSERT [dbo].[CTHD] ([SOHD], [MASP], [SL]) VALUES (1006, N'ST01', 30)
INSERT [dbo].[CTHD] ([SOHD], [MASP], [SL]) VALUES (1006, N'ST02', 10)
INSERT [dbo].[CTHD] ([SOHD], [MASP], [SL]) VALUES (1006, N'TV07', 20)
INSERT [dbo].[CTHD] ([SOHD], [MASP], [SL]) VALUES (1007, N'ST03', 10)
INSERT [dbo].[CTHD] ([SOHD], [MASP], [SL]) VALUES (1008, N'ST04', 8)
INSERT [dbo].[CTHD] ([SOHD], [MASP], [SL]) VALUES (1009, N'ST05', 10)
INSERT [dbo].[CTHD] ([SOHD], [MASP], [SL]) VALUES (1010, N'ST04', 50)
INSERT [dbo].[CTHD] ([SOHD], [MASP], [SL]) VALUES (1010, N'ST07', 50)
INSERT [dbo].[CTHD] ([SOHD], [MASP], [SL]) VALUES (1010, N'ST08', 100)
INSERT [dbo].[CTHD] ([SOHD], [MASP], [SL]) VALUES (1010, N'TV03', 100)
INSERT [dbo].[CTHD] ([SOHD], [MASP], [SL]) VALUES (1010, N'TV07', 50)
INSERT [dbo].[CTHD] ([SOHD], [MASP], [SL]) VALUES (1011, N'ST06', 50)
INSERT [dbo].[CTHD] ([SOHD], [MASP], [SL]) VALUES (1012, N'ST07', 3)
INSERT [dbo].[CTHD] ([SOHD], [MASP], [SL]) VALUES (1013, N'ST08', 5)
INSERT [dbo].[CTHD] ([SOHD], [MASP], [SL]) VALUES (1014, N'BB01', 50)
INSERT [dbo].[CTHD] ([SOHD], [MASP], [SL]) VALUES (1014, N'BB02', 100)
INSERT [dbo].[CTHD] ([SOHD], [MASP], [SL]) VALUES (1014, N'BC02', 80)
INSERT [dbo].[CTHD] ([SOHD], [MASP], [SL]) VALUES (1014, N'BC04', 60)
INSERT [dbo].[CTHD] ([SOHD], [MASP], [SL]) VALUES (1015, N'BB02', 30)
INSERT [dbo].[CTHD] ([SOHD], [MASP], [SL]) VALUES (1015, N'BB03', 7)
INSERT [dbo].[CTHD] ([SOHD], [MASP], [SL]) VALUES (1016, N'TV01', 5)
INSERT [dbo].[CTHD] ([SOHD], [MASP], [SL]) VALUES (1017, N'TV02', 1)
INSERT [dbo].[CTHD] ([SOHD], [MASP], [SL]) VALUES (1017, N'TV03', 1)
INSERT [dbo].[CTHD] ([SOHD], [MASP], [SL]) VALUES (1017, N'TV04', 5)
INSERT [dbo].[CTHD] ([SOHD], [MASP], [SL]) VALUES (1018, N'ST04', 6)
INSERT [dbo].[CTHD] ([SOHD], [MASP], [SL]) VALUES (1019, N'ST05', 1)
INSERT [dbo].[CTHD] ([SOHD], [MASP], [SL]) VALUES (1019, N'ST06', 2)
INSERT [dbo].[CTHD] ([SOHD], [MASP], [SL]) VALUES (1020, N'ST07', 10)
INSERT [dbo].[CTHD] ([SOHD], [MASP], [SL]) VALUES (1021, N'ST08', 5)
INSERT [dbo].[CTHD] ([SOHD], [MASP], [SL]) VALUES (1021, N'TV01', 7)
INSERT [dbo].[CTHD] ([SOHD], [MASP], [SL]) VALUES (1021, N'TV02', 10)
INSERT [dbo].[CTHD] ([SOHD], [MASP], [SL]) VALUES (1022, N'ST07', 1)
INSERT [dbo].[CTHD] ([SOHD], [MASP], [SL]) VALUES (1023, N'ST04', 6)
GO
INSERT [dbo].[HOADON] ([SOHD], [NGHD], [MAKH], [MANV], [TRIGIA]) VALUES (1001, CAST(N'2006-07-23T00:00:00' AS SmallDateTime), N'KH01', N'NV01', 320000.0000)
INSERT [dbo].[HOADON] ([SOHD], [NGHD], [MAKH], [MANV], [TRIGIA]) VALUES (1002, CAST(N'2006-08-12T00:00:00' AS SmallDateTime), N'KH01', N'NV02', 840000.0000)
INSERT [dbo].[HOADON] ([SOHD], [NGHD], [MAKH], [MANV], [TRIGIA]) VALUES (1003, CAST(N'2006-08-23T00:00:00' AS SmallDateTime), N'KH02', N'NV01', 100000.0000)
INSERT [dbo].[HOADON] ([SOHD], [NGHD], [MAKH], [MANV], [TRIGIA]) VALUES (1004, CAST(N'2006-09-01T00:00:00' AS SmallDateTime), N'KH02', N'NV01', 180000.0000)
INSERT [dbo].[HOADON] ([SOHD], [NGHD], [MAKH], [MANV], [TRIGIA]) VALUES (1005, CAST(N'2006-10-20T00:00:00' AS SmallDateTime), N'KH01', N'NV02', 3800000.0000)
INSERT [dbo].[HOADON] ([SOHD], [NGHD], [MAKH], [MANV], [TRIGIA]) VALUES (1006, CAST(N'2006-10-16T00:00:00' AS SmallDateTime), N'KH01', N'NV03', 2430000.0000)
INSERT [dbo].[HOADON] ([SOHD], [NGHD], [MAKH], [MANV], [TRIGIA]) VALUES (1007, CAST(N'2006-10-28T00:00:00' AS SmallDateTime), N'KH03', N'NV03', 510000.0000)
INSERT [dbo].[HOADON] ([SOHD], [NGHD], [MAKH], [MANV], [TRIGIA]) VALUES (1008, CAST(N'2006-10-28T00:00:00' AS SmallDateTime), N'KH01', N'NV03', 440000.0000)
INSERT [dbo].[HOADON] ([SOHD], [NGHD], [MAKH], [MANV], [TRIGIA]) VALUES (1009, CAST(N'2006-10-28T00:00:00' AS SmallDateTime), N'KH03', N'NV04', 200000.0000)
INSERT [dbo].[HOADON] ([SOHD], [NGHD], [MAKH], [MANV], [TRIGIA]) VALUES (1010, CAST(N'2006-11-01T00:00:00' AS SmallDateTime), N'KH01', N'NV01', 5200000.0000)
INSERT [dbo].[HOADON] ([SOHD], [NGHD], [MAKH], [MANV], [TRIGIA]) VALUES (1011, CAST(N'2006-11-04T00:00:00' AS SmallDateTime), N'KH04', N'NV03', 250000.0000)
INSERT [dbo].[HOADON] ([SOHD], [NGHD], [MAKH], [MANV], [TRIGIA]) VALUES (1012, CAST(N'2006-11-30T00:00:00' AS SmallDateTime), N'KH05', N'NV03', 21000.0000)
INSERT [dbo].[HOADON] ([SOHD], [NGHD], [MAKH], [MANV], [TRIGIA]) VALUES (1013, CAST(N'2006-12-12T00:00:00' AS SmallDateTime), N'KH06', N'NV01', 5000.0000)
INSERT [dbo].[HOADON] ([SOHD], [NGHD], [MAKH], [MANV], [TRIGIA]) VALUES (1014, CAST(N'2006-12-31T00:00:00' AS SmallDateTime), N'KH03', N'NV02', 3150000.0000)
INSERT [dbo].[HOADON] ([SOHD], [NGHD], [MAKH], [MANV], [TRIGIA]) VALUES (1015, CAST(N'2007-01-01T00:00:00' AS SmallDateTime), N'KH06', N'NV01', 910000.0000)
INSERT [dbo].[HOADON] ([SOHD], [NGHD], [MAKH], [MANV], [TRIGIA]) VALUES (1016, CAST(N'2007-01-01T00:00:00' AS SmallDateTime), N'KH07', N'NV02', 12500.0000)
INSERT [dbo].[HOADON] ([SOHD], [NGHD], [MAKH], [MANV], [TRIGIA]) VALUES (1017, CAST(N'2007-01-02T00:00:00' AS SmallDateTime), N'KH08', N'NV03', 35000.0000)
INSERT [dbo].[HOADON] ([SOHD], [NGHD], [MAKH], [MANV], [TRIGIA]) VALUES (1018, CAST(N'2007-01-13T00:00:00' AS SmallDateTime), N'KH08', N'NV03', 330000.0000)
INSERT [dbo].[HOADON] ([SOHD], [NGHD], [MAKH], [MANV], [TRIGIA]) VALUES (1019, CAST(N'2007-01-13T00:00:00' AS SmallDateTime), N'KH01', N'NV03', 30000.0000)
INSERT [dbo].[HOADON] ([SOHD], [NGHD], [MAKH], [MANV], [TRIGIA]) VALUES (1020, CAST(N'2007-01-14T00:00:00' AS SmallDateTime), N'KH09', N'NV04', 70000.0000)
INSERT [dbo].[HOADON] ([SOHD], [NGHD], [MAKH], [MANV], [TRIGIA]) VALUES (1021, CAST(N'2007-01-16T00:00:00' AS SmallDateTime), N'KH10', N'NV03', 67500.0000)
INSERT [dbo].[HOADON] ([SOHD], [NGHD], [MAKH], [MANV], [TRIGIA]) VALUES (1022, CAST(N'2007-01-16T00:00:00' AS SmallDateTime), NULL, N'NV03', 7000.0000)
INSERT [dbo].[HOADON] ([SOHD], [NGHD], [MAKH], [MANV], [TRIGIA]) VALUES (1023, CAST(N'2007-01-17T00:00:00' AS SmallDateTime), NULL, N'NV01', 330000.0000)
GO
INSERT [dbo].[KHACHHANG] ([MAKH], [HOTEN], [DCHI], [SODT], [NGSINH], [DOANHSO], [NGDK], [LOAIKH]) VALUES (N'KH01', N'Nguyen Van A', N'731 Tran Hung Dao, Q5, TpHCM', N'Nguyen Van A', CAST(N'1960-10-22T00:00:00' AS SmallDateTime), 13060000.0000, CAST(N'2006-07-22T00:00:00' AS SmallDateTime), NULL)
INSERT [dbo].[KHACHHANG] ([MAKH], [HOTEN], [DCHI], [SODT], [NGSINH], [DOANHSO], [NGDK], [LOAIKH]) VALUES (N'KH02', N'Tran Ngoc Han', N'23/5 Nguyen Trai, Q5, TpHCM', N'0908256478', CAST(N'1974-04-03T00:00:00' AS SmallDateTime), 280000.0000, CAST(N'2006-07-30T00:00:00' AS SmallDateTime), NULL)
INSERT [dbo].[KHACHHANG] ([MAKH], [HOTEN], [DCHI], [SODT], [NGSINH], [DOANHSO], [NGDK], [LOAIKH]) VALUES (N'KH03', N'Tran Ngoc Linh', N'45 Nguyen Canh Chan, Q1, TpHCM', N'0938776266', CAST(N'1980-06-12T00:00:00' AS SmallDateTime), 3860000.0000, CAST(N'2006-08-05T00:00:00' AS SmallDateTime), NULL)
INSERT [dbo].[KHACHHANG] ([MAKH], [HOTEN], [DCHI], [SODT], [NGSINH], [DOANHSO], [NGDK], [LOAIKH]) VALUES (N'KH04', N'Tran Minh Long', N'50/34 Le Dai Hanh, Q10, TpHCM', N'0917325476', CAST(N'1965-03-09T00:00:00' AS SmallDateTime), 250000.0000, CAST(N'2006-10-02T00:00:00' AS SmallDateTime), NULL)
INSERT [dbo].[KHACHHANG] ([MAKH], [HOTEN], [DCHI], [SODT], [NGSINH], [DOANHSO], [NGDK], [LOAIKH]) VALUES (N'KH05', N'Le Nhat Minh ', N'34 Truong Dinh, Q3, TpHCM', N'08246108', CAST(N'1950-10-03T00:00:00' AS SmallDateTime), 21000.0000, CAST(N'2006-10-28T00:00:00' AS SmallDateTime), NULL)
INSERT [dbo].[KHACHHANG] ([MAKH], [HOTEN], [DCHI], [SODT], [NGSINH], [DOANHSO], [NGDK], [LOAIKH]) VALUES (N'KH06', N'Le Hoai Thuong', N'227 Nguyen Van Cu, Q5, TpHCM', N'08631738', CAST(N'1981-12-31T00:00:00' AS SmallDateTime), 915000.0000, CAST(N'2006-11-24T00:00:00' AS SmallDateTime), NULL)
INSERT [dbo].[KHACHHANG] ([MAKH], [HOTEN], [DCHI], [SODT], [NGSINH], [DOANHSO], [NGDK], [LOAIKH]) VALUES (N'KH07', N'Nguyen Van Tam', N'32/3 Tran Binh Trong, Q5, TpHCM', N'0916783565', CAST(N'1971-04-06T00:00:00' AS SmallDateTime), 12500.0000, CAST(N'2006-12-01T00:00:00' AS SmallDateTime), NULL)
INSERT [dbo].[KHACHHANG] ([MAKH], [HOTEN], [DCHI], [SODT], [NGSINH], [DOANHSO], [NGDK], [LOAIKH]) VALUES (N'KH08', N'Pham Thi Thanh', N'45/2 An Duong Vuong, Q5, TpHCM', N'0938435756', CAST(N'1971-01-10T00:00:00' AS SmallDateTime), 365000.0000, CAST(N'2006-12-13T00:00:00' AS SmallDateTime), NULL)
INSERT [dbo].[KHACHHANG] ([MAKH], [HOTEN], [DCHI], [SODT], [NGSINH], [DOANHSO], [NGDK], [LOAIKH]) VALUES (N'KH09', N'Le Ha Vinh', N'873 Le Hong Phong, Q', N'NULL08654763', CAST(N'1979-09-03T00:00:00' AS SmallDateTime), 70000.0000, CAST(N'2007-01-14T00:00:00' AS SmallDateTime), NULL)
INSERT [dbo].[KHACHHANG] ([MAKH], [HOTEN], [DCHI], [SODT], [NGSINH], [DOANHSO], [NGDK], [LOAIKH]) VALUES (N'KH10', N'Ha Duy Lap', N'34/34B Nguyen Trai, Q1, TpHCM', N'08768904', CAST(N'1983-05-02T00:00:00' AS SmallDateTime), 67500.0000, CAST(N'2007-01-16T00:00:00' AS SmallDateTime), NULL)
GO
INSERT [dbo].[NHANVIEN] ([MANV], [HOTEN], [NGVL], [SODT]) VALUES (N'NV01', N'Nguyen Nhu Nhut', CAST(N'2006-04-13T00:00:00' AS SmallDateTime), N'0927345678')
INSERT [dbo].[NHANVIEN] ([MANV], [HOTEN], [NGVL], [SODT]) VALUES (N'NV02', N'Le Thi Phi Yen', CAST(N'2006-04-21T00:00:00' AS SmallDateTime), N'0987567390')
INSERT [dbo].[NHANVIEN] ([MANV], [HOTEN], [NGVL], [SODT]) VALUES (N'NV03', N'Nguyen Van B', CAST(N'2006-04-27T00:00:00' AS SmallDateTime), N'0997047382')
INSERT [dbo].[NHANVIEN] ([MANV], [HOTEN], [NGVL], [SODT]) VALUES (N'NV04', N'Ngo Thanh Tuan', CAST(N'2006-06-24T00:00:00' AS SmallDateTime), N'0913758498')
INSERT [dbo].[NHANVIEN] ([MANV], [HOTEN], [NGVL], [SODT]) VALUES (N'NV05', N'Nguyen Thi Truc Anh', CAST(N'2006-07-20T00:00:00' AS SmallDateTime), N'0918590387')
GO
INSERT [dbo].[SANPHAM] ([MASP], [TENSP], [DVT], [NUOCSX], [GIA]) VALUES (N'BB01', N'But bi', N'cay', N'Viet Nam', 5000.0000)
INSERT [dbo].[SANPHAM] ([MASP], [TENSP], [DVT], [NUOCSX], [GIA]) VALUES (N'BB02', N'But bi', N'cay', N'Trung Quoc', 7000.0000)
INSERT [dbo].[SANPHAM] ([MASP], [TENSP], [DVT], [NUOCSX], [GIA]) VALUES (N'BB03', N'But bi', N'hop', N'Thai Lan', 100000.0000)
INSERT [dbo].[SANPHAM] ([MASP], [TENSP], [DVT], [NUOCSX], [GIA]) VALUES (N'BC01', N'But chi', N'cay', N'Singapore', 3000.0000)
INSERT [dbo].[SANPHAM] ([MASP], [TENSP], [DVT], [NUOCSX], [GIA]) VALUES (N'BC02', N'But chi', N'cay ', N'Singapore', 5000.0000)
INSERT [dbo].[SANPHAM] ([MASP], [TENSP], [DVT], [NUOCSX], [GIA]) VALUES (N'BC03', N'But chi', N'cay', N'Viet Nam', 3500.0000)
INSERT [dbo].[SANPHAM] ([MASP], [TENSP], [DVT], [NUOCSX], [GIA]) VALUES (N'BC04', N'But chi ', N'hop', N'Viet Nam', 30000.0000)
INSERT [dbo].[SANPHAM] ([MASP], [TENSP], [DVT], [NUOCSX], [GIA]) VALUES (N'ST01', N'So tay 500 trang', N'quyen', N'Trung Quoc', 40000.0000)
INSERT [dbo].[SANPHAM] ([MASP], [TENSP], [DVT], [NUOCSX], [GIA]) VALUES (N'ST02', N'So tay loai 1', N'quyen', N'Viet Nam ', 55000.0000)
INSERT [dbo].[SANPHAM] ([MASP], [TENSP], [DVT], [NUOCSX], [GIA]) VALUES (N'ST03', N'So tay loai 2', N'quyen', N'Viet Nam', 51000.0000)
INSERT [dbo].[SANPHAM] ([MASP], [TENSP], [DVT], [NUOCSX], [GIA]) VALUES (N'ST04', N'So tay', N'quyen ', N'Thai Lan', 55000.0000)
INSERT [dbo].[SANPHAM] ([MASP], [TENSP], [DVT], [NUOCSX], [GIA]) VALUES (N'ST05', N'So tay mong', N'quyen', N'Thai Lan', 20000.0000)
INSERT [dbo].[SANPHAM] ([MASP], [TENSP], [DVT], [NUOCSX], [GIA]) VALUES (N'ST06', N'Phan viet bang', N'hop', N'Viet Nam', 5000.0000)
INSERT [dbo].[SANPHAM] ([MASP], [TENSP], [DVT], [NUOCSX], [GIA]) VALUES (N'ST07', N'Phan khong bui', N'hop', N'Viet Nam', 7000.0000)
INSERT [dbo].[SANPHAM] ([MASP], [TENSP], [DVT], [NUOCSX], [GIA]) VALUES (N'ST08', N'Bong bang', N'cai', N'Viet Nam', 1000.0000)
INSERT [dbo].[SANPHAM] ([MASP], [TENSP], [DVT], [NUOCSX], [GIA]) VALUES (N'ST09', N'But long', N'cay', N'Viet Nam', 5000.0000)
INSERT [dbo].[SANPHAM] ([MASP], [TENSP], [DVT], [NUOCSX], [GIA]) VALUES (N'ST10', N'But long', N'cay', N'Trung Quoc', 7000.0000)
INSERT [dbo].[SANPHAM] ([MASP], [TENSP], [DVT], [NUOCSX], [GIA]) VALUES (N'TV01', N'Tap 100 giay mong', N'quyen', N'Trung Quoc', 2500.0000)
INSERT [dbo].[SANPHAM] ([MASP], [TENSP], [DVT], [NUOCSX], [GIA]) VALUES (N'TV02', N'Tap 200 giay mong', N'quyen', N'Trung Quoc', 4500.0000)
INSERT [dbo].[SANPHAM] ([MASP], [TENSP], [DVT], [NUOCSX], [GIA]) VALUES (N'TV03', N'Tap 100 giay tot', N'quyen', N'Viet Nam', 3000.0000)
INSERT [dbo].[SANPHAM] ([MASP], [TENSP], [DVT], [NUOCSX], [GIA]) VALUES (N'TV04', N'Tap 200 giay tot', N'quyen', N'Viet Nam', 5500.0000)
INSERT [dbo].[SANPHAM] ([MASP], [TENSP], [DVT], [NUOCSX], [GIA]) VALUES (N'TV05', N'Tap 100 trang', N'chuc', N'Viet Nam', 23000.0000)
INSERT [dbo].[SANPHAM] ([MASP], [TENSP], [DVT], [NUOCSX], [GIA]) VALUES (N'TV06', N'Tap 200 trang', N'chuc', N'Viet Nam', 53000.0000)
INSERT [dbo].[SANPHAM] ([MASP], [TENSP], [DVT], [NUOCSX], [GIA]) VALUES (N'TV07', N'Tap 100 trang', N'chuc ', N'Trung Quoc', 34000.0000)
GO
